[{"model": "shop.category", "pk": 3, "fields": {"name": "Техника", "parent": null}}, {"model": "shop.category", "pk": 9, "fields": {"name": "no category", "parent": null}}, {"model": "shop.category", "pk": 10, "fields": {"name": "Электроника", "parent": null}}, {"model": "shop.category", "pk": 11, "fields": {"name": "Массажеры", "parent": 3}}, {"model": "shop.category", "pk": 12, "fields": {"name": "ТВ", "parent": 10}}, {"model": "shop.category", "pk": 13, "fields": {"name": "Телефоны", "parent": 10}}, {"model": "shop.category", "pk": 14, "fields": {"name": "Бытовая", "parent": 3}}, {"model": "shop.category", "pk": 15, "fields": {"name": "Телефоны", "parent": 10}}, {"model": "shop.customer", "pk": 1, "fields": {"name": "ООО Ангара"}}, {"model": "shop.customer", "pk": 2, "fields": {"name": "ОАО Байкал"}}, {"model": "shop.customer", "pk": 3, "fields": {"name": "Вася"}}, {"model": "shop.customer", "pk": 4, "fields": {"name": "Игорь"}}, {"model": "shop.customer", "pk": 5, "fields": {"name": "ИП Деловой Х.Г."}}, {"model": "shop.product", "pk": 1, "fields": {"name": "Телевизор 1", "category": 12, "price": "100.10", "description": "Самый лучший телевизор", "created_at": "2021-04-18T05:51:55.341Z"}}, {"model": "shop.product", "pk": 2, "fields": {"name": "Телевизор 2", "category": 12, "price": "200.20", "description": "Так себе телевизор", "created_at": "2021-04-18T05:51:49.645Z"}}, {"model": "shop.product", "pk": 3, "fields": {"name": "Утюг", "category": 14, "price": "50.25", "description": "Сам гладит", "created_at": "2021-04-18T05:51:43.269Z"}}, {"model": "shop.product", "pk": 4, "fields": {"name": "Телефон", "category": 15, "price": "400.40", "description": "Работает 7 дней", "created_at": "2021-04-18T05:52:23.734Z"}}, {"model": "shop.product", "pk": 5, "fields": {"name": "Принтер", "category": 14, "price": "220.27", "description": "100 листов в минуту", "created_at": "2021-04-18T05:51:38.291Z"}}, {"model": "shop.product", "pk": 6, "fields": {"name": "Массажер", "category": 11, "price": "150.89", "description": "Работает от батареек", "created_at": "2021-04-18T05:51:10.877Z"}}, {"model": "shop.order", "pk": 1, "fields": {"customer": 1, "status": "not_paid", "created_at": "2021-04-18T03:55:33.640Z"}}, {"model": "shop.order", "pk": 2, "fields": {"customer": 2, "status": "not_paid", "created_at": "2021-04-18T03:55:38.987Z"}}, {"model": "shop.order", "pk": 3, "fields": {"customer": 3, "status": "paid", "created_at": "2021-04-18T03:55:47.044Z"}}, {"model": "shop.order", "pk": 4, "fields": {"customer": 3, "status": "paid", "created_at": "2021-04-18T03:55:53.505Z"}}, {"model": "shop.order", "pk": 5, "fields": {"customer": 4, "status": "not_paid", "created_at": "2021-04-18T03:55:57.765Z"}}, {"model": "shop.order", "pk": 6, "fields": {"customer": 5, "status": "paid", "created_at": "2021-04-18T03:56:02.445Z"}}, {"model": "shop.order", "pk": 7, "fields": {"customer": 5, "status": "paid", "created_at": "2021-04-18T03:56:06.908Z"}}, {"model": "shop.order", "pk": 8, "fields": {"customer": 5, "status": "paid", "created_at": "2021-04-18T03:56:10.298Z"}}, {"model": "shop.orderitems", "pk": 1, "fields": {"product": 1, "order": 1, "quantity": 2, "price": "98.00", "created_at": "2021-04-18T03:58:40.632Z"}}, {"model": "shop.orderitems", "pk": 2, "fields": {"product": 2, "order": 1, "quantity": 3, "price": "200.20", "created_at": "2021-04-18T03:58:54.476Z"}}, {"model": "shop.orderitems", "pk": 3, "fields": {"product": 4, "order": 1, "quantity": 1, "price": "390.50", "created_at": "2021-04-18T03:59:05.696Z"}}, {"model": "shop.orderitems", "pk": 4, "fields": {"product": 3, "order": 2, "quantity": 12, "price": "50.25", "created_at": "2021-04-18T03:59:24.083Z"}}, {"model": "shop.orderitems", "pk": 5, "fields": {"product": 4, "order": 3, "quantity": 1, "price": "400.40", "created_at": "2021-04-18T03:59:34.209Z"}}, {"model": "shop.orderitems", "pk": 6, "fields": {"product": 5, "order": 4, "quantity": 1, "price": "220.27", "created_at": "2021-04-18T03:59:49.302Z"}}, {"model": "shop.orderitems", "pk": 7, "fields": {"product": 3, "order": 5, "quantity": 1, "price": "50.25", "created_at": "2021-04-18T04:00:03.957Z"}}, {"model": "shop.orderitems", "pk": 8, "fields": {"product": 1, "order": 6, "quantity": 5, "price": "100.00", "created_at": "2021-04-18T04:00:16.464Z"}}, {"model": "shop.orderitems", "pk": 9, "fields": {"product": 2, "order": 6, "quantity": 5, "price": "180.00", "created_at": "2021-04-18T04:00:30.020Z"}}, {"model": "shop.orderitems", "pk": 10, "fields": {"product": 6, "order": 7, "quantity": 5, "price": "145.50", "created_at": "2021-04-18T04:00:42.099Z"}}, {"model": "shop.orderitems", "pk": 11, "fields": {"product": 3, "order": 7, "quantity": 5, "price": "50.25", "created_at": "2021-04-18T04:00:56.250Z"}}, {"model": "shop.orderitems", "pk": 12, "fields": {"product": 5, "order": 8, "quantity": 3, "price": "220.27", "created_at": "2021-04-18T04:01:08.959Z"}}, {"model": "shop.orderitems", "pk": 13, "fields": {"product": 6, "order": 8, "quantity": 3, "price": "220.27", "created_at": "2021-04-18T08:25:10.804Z"}}]